Name,Department,Position,Email,Phone,Salary
Bentley,Accounting,Engineer,bgregoratti0@sourceforge.net,7695396159,1608
Morgen,Support,Construction Foreman,mnorris1@va.gov,3997448867,328
Brock,Support,Architect,bwalbrook2@sun.com,4641663915,
Rebbecca,Accounting,Project Manager,rohenehan3@joomla.org,2096676391,187
Callean,Services,Estimator,csansome4@nytimes.com,6121859089,70
Norry,Legal,Construction Worker,ngeraldini5@t-online.de,8623118634,99
Manuel,Training,Construction Foreman,mbraund6@xinhuanet.com,8476220940,832
Ashbey,Support,Construction Expeditor,afritchley7@mozilla.org,5519250876,1204
Harald,Business Development,Construction Foreman,hranaghan8@walmart.com,9264472063,310
Redford,Engineering,Subcontractor,rstation9@lulu.com,5113389256,89
Madeline,Engineering,Construction Foreman,mmievillea@homestead.com,5138036749,5889
Denni,Engineering,Project Manager,dweedallb@bbb.org,5802579829,612
Ruben,Business Development,Surveyor,rhedmanc@reddit.com,6198163213,167
Oliviero,Training,Supervisor,odublind@ow.ly,8816530573,1500
Jeanie,Marketing,Construction Foreman,jomoylane@sciencedirect.com,7792008353,21
Leshia,Marketing,Architect,lwhittallf@usgs.gov,7807404310,4465
Chris,Accounting,Construction Manager,chaineyg@trellian.com,8769262351,2077
Merrilee,Product Management,Surveyor,mdaffernh@europa.eu,2527611957,
Mack,Services,Architect,mneljesi@facebook.com,4623904421,613
Wildon,Business Development,Surveyor,wfairweatherj@jalbum.net,2127924659,10
Anselm,Services,Construction Expeditor,apeek@livejournal.com,6272704074,782
Jorrie,Support,Surveyor,jnorwichl@furl.net,4548367523,108
Adah,Engineering,Subcontractor,atartem@trellian.com,9631252251,273
Lory,Training,Supervisor,lshyren@privacy.gov.au,9636951119,1263
Idette,Services,Subcontractor,ipitbladdoo@mtv.com,8253125674,1450
Clarissa,Support,Surveyor,cfostersmithp@webeden.co.uk,5924492983,551
Carey,Training,Project Manager,cdrabbleq@shareasale.com,9867821505,37
Domenico,Human Resources,Construction Foreman,dpenniallr@vkontakte.ru,8443343305,115
Mariska,Engineering,Construction Worker,mamners@nba.com,6809453974,1033
Shawn,Training,Construction Expeditor,sgogant@google.com.au,6276763960,44
Mellie,Product Management,Subcontractor,mbestwicku@tamu.edu,5666942529,357
Chrissy,Training,Surveyor,cfitchewv@nsw.gov.au,1496257909,272
Rollin,Product Management,Construction Worker,rbrucknerw@zdnet.com,8246388569,30
Susan,Product Management,Engineer,shambrightx@wp.com,3738193424,1114
Delila,Training,Subcontractor,dbysakery@slideshare.net,8771563605,500
Ailbert,Product Management,Architect,adanilovz@miitbeian.gov.cn,1719323508,16
Sula,Accounting,Construction Manager,swhitta10@salon.com,9294467308,1975
Betta,Research and Development,Construction Expeditor,bdelisle11@fastcompany.com,4459372521,656
Markus,Human Resources,Engineer,mwelham12@comsenz.com,7527984110,1060
Dari,Accounting,Construction Expeditor,dkleuer13@storify.com,7895129008,3649
Jud,Product Management,Project Manager,jtizard14@yellowpages.com,3445026280,1679
Lyda,Services,Construction Expeditor,llorman15@virginia.edu,4121392560,10
Cyndy,Human Resources,Architect,cmerrell16@imdb.com,1753134992,1379
Sayre,Research and Development,Surveyor,saspray17@accuweather.com,5329448836,627
Cody,Product Management,Electrician,cnatte18@soup.io,6341731534,9
Harland,Marketing,Project Manager,hhugh19@nydailynews.com,4541361123,672
Marisa,Sales,Construction Manager,mbowley1a@cpanel.net,3318376935,559
Hewett,Sales,Estimator,henderlein1b@flavors.me,7335613468,1341
Marrissa,Accounting,Supervisor,mgoomes1c@dropbox.com,6554939561,79
Hamel,Engineering,Electrician,hcurnow1d@artisteer.com,3087246716,414
Terry,Product Management,Construction Expeditor,twarrender1e@springer.com,4992088430,2546
Sheffield,Engineering,Engineer,swilkison1f@columbia.edu,6501545949,3
Pat,Accounting,Estimator,pdawidowsky1g@123-reg.co.uk,2245933868,3510
Kaiser,Product Management,Engineer,kgot1h@state.gov,2677926176,224
Joey,Product Management,Supervisor,jsodo1i@tumblr.com,6229831620,192
Celestina,Product Management,Estimator,cfrankes1j@shinystat.com,5739932387,1616
Conn,Training,Supervisor,csnedden1k@amazon.co.jp,2937782934,772
Rance,Support,Construction Manager,ryokley1l@paypal.com,3111965340,36
Lorenzo,Services,Supervisor,lkunisch1m@163.com,9209994393,43
Rodrick,Training,Construction Foreman,rlinden1n@blog.com,1735355967,82
Jerrold,Human Resources,Construction Manager,jkubach1o@usatoday.com,8332622397,223
Lenee,Research and Development,Supervisor,lvoak1p@freewebs.com,3006291860,1920
Ninetta,Engineering,Surveyor,nhold1q@liveinternet.ru,1891170261,44
Rosemaria,Accounting,Construction Manager,rwakely1r@intel.com,1843682631,425
Devonna,Human Resources,Estimator,dcustard1s@studiopress.com,4254969729,547
Mariya,Sales,Project Manager,mnapoli1t@taobao.com,2697890612,17
Maisie,Research and Development,Electrician,mkulvear1u@bloglovin.com,8629337536,130
Emlen,Product Management,Surveyor,ekeddy1v@ca.gov,7498166767,742
Hunfredo,Marketing,Project Manager,hcrossfeld1w@digg.com,4215944499,
Levy,Research and Development,Construction Manager,lpoulsen1x@devhub.com,8853596735,4900
Winna,Product Management,Engineer,wcattach1y@bigcartel.com,4359029921,2592
Galvan,Human Resources,Architect,gwilloughway1z@ftc.gov,2452438670,700
Eloisa,Services,Subcontractor,eklimkiewich20@dion.ne.jp,8883616601,499
Logan,Marketing,Surveyor,lbereford21@yandex.ru,5525732937,1585
Orsa,Product Management,Subcontractor,ocardus22@cafepress.com,1963082181,28
Abrahan,Support,Supervisor,atagg23@creativecommons.org,4999622292,1148
Coleen,Product Management,Construction Expeditor,cpeaddie24@fc2.com,6265240433,817
Colman,Business Development,Construction Foreman,cflorey25@so-net.ne.jp,7531673269,1420
Elie,Business Development,Construction Manager,eshallcross26@amazon.co.uk,5056821313,4404
Pattie,Support,Subcontractor,povendon27@ftc.gov,7084103238,100
Isadora,Human Resources,Estimator,isimecek28@cam.ac.uk,6064798030,17
Edwina,Engineering,Electrician,ecottrill29@typepad.com,4303478075,2250
Cobbie,Services,Construction Expeditor,cstanes2a@tumblr.com,1012746725,863
Blanca,Legal,Subcontractor,bpaz2b@amazon.co.uk,4414303201,
Ricardo,Business Development,Surveyor,rgrout2c@mac.com,1583036543,1873
Pippy,Human Resources,Construction Worker,plofthouse2d@irs.gov,5123815341,549
Murdoch,Product Management,Construction Expeditor,mfrensch2e@oakley.com,8458727390,
Francois,Training,Estimator,fwatchorn2f@chicagotribune.com,2182610656,121
Lancelot,Training,Estimator,ldownage2g@redcross.org,1638880590,10
Brynna,Product Management,Engineer,bspaldin2h@wsj.com,3092116381,10
Caprice,Product Management,Subcontractor,cbeningfield2i@t.co,1814010052,477
Rhianna,Services,Construction Expeditor,rtankus2j@comsenz.com,6075135252,1079
Wilmette,Accounting,Construction Worker,wgreenhalf2k@pcworld.com,3782004992,2314
Belva,Training,Engineer,bgally2l@epa.gov,9763732610,
Dinah,Human Resources,Subcontractor,dcounter2m@delicious.com,6932817139,639
Zenia,Sales,Subcontractor,zemmins2n@edublogs.org,4509120228,184
Drucy,Accounting,Subcontractor,dfoxen2o@berkeley.edu,3966183006,3000
Claudia,Training,Construction Foreman,czorro2p@1und1.de,2056298884,24
Drusi,Marketing,Subcontractor,djansen2q@vistaprint.com,1414994869,89
Lilla,Support,Construction Foreman,llomb2r@shareasale.com,9983056126,3720
Valerye,Training,Construction Manager,vgwilliam2s@engadget.com,1389804591,75
Lucina,Training,Project Manager,lruf2t@last.fm,4038848361,78
Donn,Product Management,Construction Manager,dtabbitt2u@spiegel.de,6615273950,3043
Kirbie,Engineering,Architect,kbaraja2v@lycos.com,1137061580,16
Bria,Marketing,Engineer,bcockerill2w@lycos.com,9132049504,5479
Cecilla,Human Resources,Construction Foreman,cpitherick2x@scribd.com,8065193627,
Aksel,Marketing,Construction Foreman,adunbobin2y@ovh.net,3988292950,2770
Ellene,Services,Architect,ebariball2z@dmoz.org,9222877854,1100
Marion,Business Development,Project Manager,mrewcassell30@squidoo.com,4154221138,414
Muriel,Human Resources,Surveyor,mtorresi31@loc.gov,6067545568,3735
Cris,Sales,Subcontractor,cmalcher32@nature.com,4683439877,7
Geordie,Human Resources,Estimator,gloynes33@lycos.com,4476810065,12
Pascale,Research and Development,Estimator,pchong34@google.co.jp,3169996560,8
Trixi,Legal,Supervisor,tesch35@digg.com,4819340472,1107
Eduardo,Marketing,Subcontractor,eclemmens36@admin.ch,3258783131,33
Eldridge,Engineering,Architect,eberggren37@angelfire.com,3504325839,4167
Hallie,Legal,Engineer,hmaffin38@domainmarket.com,4489594722,1265
Budd,Marketing,Subcontractor,bhyman39@businessinsider.com,2499025428,2500
Jaymee,Research and Development,Construction Worker,jjack3a@google.co.jp,9338964984,310
Deina,Services,Construction Manager,dswannie3b@xing.com,6802561031,342
Zahara,Accounting,Project Manager,zmaccarroll3c@intel.com,7496203662,17
Brand,Human Resources,Estimator,bhiscoke3d@vistaprint.com,3292371015,1620
Yvette,Accounting,Construction Manager,ycoot3e@shutterfly.com,1938706051,478
Katy,Engineering,Surveyor,kgadney3f@prnewswire.com,4568189320,4778
Patsy,Training,Construction Worker,pcafferty3g@tuttocitta.it,9811584891,9
Virgilio,Product Management,Subcontractor,vcrittal3h@liveinternet.ru,4224366177,587
Michal,Accounting,Subcontractor,mchanning3i@mozilla.org,7999731240,699
Sayer,Business Development,Electrician,scastelow3j@blogtalkradio.com,3509478921,
Geoffry,Business Development,Estimator,gtolemache3k@uol.com.br,8293465526,34
Valma,Legal,Estimator,vfelip3l@opera.com,2103655161,544
Spenser,Support,Supervisor,ssproul3m@tumblr.com,6513238688,90
Cliff,Services,Subcontractor,cdeblasiis3n@nih.gov,8689908951,647
Cassandre,Legal,Supervisor,cguillart3o@skype.com,9453102360,14
Othello,Human Resources,Construction Manager,otrude3p@newyorker.com,2551089623,378
Ally,Services,Architect,afabbro3q@sina.com.cn,6501547309,200
Alfons,Accounting,Engineer,amaleby3r@etsy.com,4678067330,360
Julius,Product Management,Construction Manager,jloghan3s@drupal.org,4144618891,263
Jennette,Services,Construction Manager,jlabitt3t@ustream.tv,5737143697,485
Gaylord,Services,Construction Foreman,gsumshon3u@pinterest.com,6218507098,3275
Scarlett,Marketing,Subcontractor,smendus3v@oakley.com,1693583688,394
Laurella,Research and Development,Architect,lthys3w@rediff.com,9672388420,10
Seka,Accounting,Electrician,sjuden3x@lulu.com,2636519823,8490
Phillipe,Support,Construction Worker,pbarg3y@trellian.com,9992026491,5200
Corrianne,Marketing,Construction Worker,cblumfield3z@prnewswire.com,1024123887,39
Myrta,Support,Construction Manager,mpiotrowski40@who.int,9073650855,9
Aldo,Human Resources,Surveyor,ageerits41@upenn.edu,8845358135,4167
Judd,Sales,Construction Foreman,jshear42@cnbc.com,2833420044,476
Howey,Business Development,Construction Manager,hhookes43@upenn.edu,9022515247,3165
Urbano,Sales,Architect,ufalkus44@mediafire.com,6889937839,5153
Othello,Engineering,Surveyor,oboost45@infoseek.co.jp,7882386609,469
Torrie,Services,Estimator,tshipston46@google.cn,4052981106,99
Danell,Human Resources,Estimator,dhallawell47@tamu.edu,1951041848,560
Maxy,Training,Engineer,msoppit48@barnesandnoble.com,5224324863,365
Erhard,Human Resources,Electrician,emonery49@technorati.com,3439468616,100
Renell,Services,Architect,rfellos4a@archive.org,8976995776,46
Giulietta,Business Development,Supervisor,gbalderson4b@freewebs.com,1046455947,867
Wilton,Services,Construction Manager,wswettenham4c@ted.com,8997888537,8155
Ray,Legal,Subcontractor,rmcfetridge4d@gizmodo.com,9924348228,984
Ferdinanda,Product Management,Construction Expeditor,fleglise4e@msn.com,5592275695,26
Hunfredo,Sales,Project Manager,hnorkett4f@about.me,3617172856,4631
Willey,Engineering,Project Manager,wfirpo4g@reverbnation.com,9669590278,792
Aguste,Human Resources,Estimator,atillyer4h@youtu.be,5809330532,2600
Titus,Accounting,Engineer,tmcdougal4i@usnews.com,9752791626,245
Matty,Services,Construction Manager,mrief4j@printfriendly.com,4047509088,75
Emalee,Services,Supervisor,enatalie4k@geocities.com,6517173323,3806
Corella,Human Resources,Construction Foreman,cwhoston4l@fc2.com,4165861040,101
Phyllis,Legal,Estimator,plewing4m@parallels.com,3715170821,4900
Shalne,Training,Supervisor,swaywell4n@bloglovin.com,4945144892,7383
Jeanelle,Sales,Subcontractor,jwycliff4o@cloudflare.com,6759841080,
Virgie,Legal,Construction Worker,vbushen4p@illinois.edu,6455536440,22
Joanna,Human Resources,Project Manager,jhughland4q@123-reg.co.uk,5518907318,3062
Rebecca,Training,Construction Expeditor,rskunes4r@latimes.com,8233835422,4360
Olivero,Accounting,Subcontractor,odegregorio4s@github.com,3046576526,299
Loella,Human Resources,Architect,ldomingues4t@altervista.org,2837534102,45
Luke,Business Development,Project Manager,lbenoit4u@mapy.cz,6638034180,600
Ricard,Accounting,Project Manager,rsuscens4v@purevolume.com,6379808614,2986
Tanhya,Training,Construction Foreman,tbratty4w@thetimes.co.uk,1549744415,5200
Gwennie,Business Development,Construction Foreman,gparradine4x@icio.us,8782066315,3123
Brynne,Legal,Architect,bconsadine4y@cbslocal.com,6886492032,450
Marylou,Business Development,Estimator,mitzkovwich4z@vkontakte.ru,7697104886,924
Cullie,Accounting,Engineer,cportch50@oakley.com,9051734575,24
Colet,Product Management,Project Manager,cgillibrand51@ifeng.com,9191424845,206
Lavinia,Support,Electrician,lmargaritelli52@ustream.tv,7959671457,2513
Nydia,Legal,Estimator,nglaserman53@who.int,7523365633,1428
Thacher,Research and Development,Supervisor,tbaines54@loc.gov,1774771553,25
Mae,Accounting,Supervisor,mcostard55@fc2.com,6347152059,87
Bernie,Human Resources,Engineer,bbealton56@shinystat.com,3302791553,369
Cathryn,Engineering,Electrician,cisaaksohn57@abc.net.au,4808079754,1150
Heywood,Support,Supervisor,hplacstone58@blogger.com,6558484240,19
Gisela,Engineering,Construction Worker,gguerry59@fda.gov,3296977714,1650
Burlie,Accounting,Estimator,btull5a@histats.com,8315581739,2504
Jdavie,Marketing,Surveyor,jbrowne5b@constantcontact.com,7316830484,4200
Darleen,Human Resources,Supervisor,dkaliszewski5c@altervista.org,9741629971,267
Perceval,Support,Construction Manager,pwatsam5d@ca.gov,6689689590,306
Barbe,Human Resources,Surveyor,bfarnsworth5e@ed.gov,3636767581,407
Reeba,Accounting,Architect,rsharman5f@comsenz.com,9182124242,1520
Barr,Research and Development,Architect,bmcrobbie5g@noaa.gov,4036624242,1247
Karylin,Support,Surveyor,kbenois5h@blogtalkradio.com,4799165606,648
Tris,Training,Supervisor,tmogenot5i@bigcartel.com,4024498952,6350
Margy,Engineering,Estimator,mancell5j@wufoo.com,7787610615,335
Lyell,Support,Electrician,lgerbi5k@cyberchimps.com,6254593506,2927
Page,Marketing,Supervisor,pcastanyer5l@mapy.cz,5325086472,1723
Cahra,Training,Surveyor,cbax5m@google.com,2127682686,289
Tani,Services,Architect,titter5n@weather.com,2777321662,365
Damaris,Marketing,Engineer,dmilella5o@eepurl.com,3266969118,132
Benn,Legal,Project Manager,bhast5p@dailymail.co.uk,2194553061,6415
Niel,Legal,Construction Expeditor,nmaclleese5q@techcrunch.com,2915470888,
Renard,Support,Construction Expeditor,rkeuntje5r@sohu.com,4583163449,362
Dorelle,Services,Construction Expeditor,dtroughton5s@zimbio.com,7322903900,17
Tully,Accounting,Project Manager,tdelue5t@wikia.com,2845685102,5
Gorden,Product Management,Subcontractor,gmordue5u@mlb.com,3206196891,529
Gaby,Research and Development,Surveyor,gbeeck5v@illinois.edu,7025355114,
Ricoriki,Engineering,Surveyor,rwalthall5w@acquirethisname.com,7281261831,2018
Rudiger,Legal,Electrician,rmattea5x@tiny.cc,6935348804,35
Corny,Product Management,Project Manager,cgossart5y@buzzfeed.com,8786430593,30
Simmonds,Training,Subcontractor,smenlove5z@yahoo.com,9193033196,400
Rozella,Services,Electrician,rmacane60@etsy.com,6861448019,14
Brady,Legal,Supervisor,bdraysey61@princeton.edu,6735427264,70
Isak,Human Resources,Supervisor,ispender62@trellian.com,8455379700,200
Shoshanna,Human Resources,Surveyor,sboice63@tinyurl.com,9097372267,663
Inesita,Engineering,Construction Worker,icomport64@amazon.de,4442712993,0
Mattias,Legal,Subcontractor,mkimbrough65@freewebs.com,5645399157,59
Esther,Support,Supervisor,eblackadder66@vistaprint.com,4358359941,199
Bunni,Support,Construction Worker,bocarrol67@marriott.com,3077944837,29
Mike,Legal,Construction Worker,mwakeley68@wiley.com,4608614043,935
Julissa,Services,Subcontractor,jdagleas69@geocities.com,7018549759,9
Isaac,Business Development,Engineer,ihaggis6a@plala.or.jp,5443363682,109
Jude,Legal,Subcontractor,jvenable6b@china.com.cn,4745550799,962
Morgen,Marketing,Architect,mtomsen6c@sphinn.com,7714225485,6388
Taddeo,Marketing,Architect,tyeardley6d@1688.com,7053996604,1847
Erl,Legal,Project Manager,epurkins6e@g.co,2498866984,4825
Amanda,Services,Electrician,ahachard6f@usnews.com,3344885651,263
Tyrus,Product Management,Surveyor,tcottle6g@sun.com,7392524285,424
Reginald,Training,Construction Worker,rsafont6h@feedburner.com,9078537425,5000
Geoffry,Training,Construction Manager,gfermor6i@earthlink.net,6169530421,35
Barris,Sales,Construction Worker,bselkirk6j@unblog.fr,3783089587,205
Stafani,Legal,Supervisor,sjouanot6k@nymag.com,4282263183,-42
Debee,Services,Construction Expeditor,docorrane6l@gmpg.org,5219604703,
Herve,Legal,Project Manager,hbertenshaw6m@cmu.edu,7187898790,980
Shelbi,Legal,Project Manager,sepperson6n@cnbc.com,7857643809,1526
Clare,Legal,Construction Worker,cshuter6o@fotki.com,5389829343,21
Christina,Training,Construction Expeditor,cjoney6p@techcrunch.com,6954966838,67
Basia,Engineering,Supervisor,bbreeze6q@oaic.gov.au,4012695257,19
Mozes,Sales,Construction Foreman,menderwick6r@csmonitor.com,9483568278,93
Moll,Support,Subcontractor,mgregersen6s@topsy.com,4217529343,40
Colver,Support,Subcontractor,cpowell6t@youtu.be,6869699539,92
Pernell,Research and Development,Construction Worker,pminerdo6u@gizmodo.com,4469789571,13
Elka,Sales,Construction Worker,emauditt6v@hatena.ne.jp,4277207494,439
Manolo,Engineering,Construction Worker,mlawey6w@prweb.com,2485644794,1519
Kerwin,Human Resources,Architect,kdyneley6x@bluehost.com,3537607094,32
Joyann,Support,Project Manager,jcharle6y@studiopress.com,6709464048,95
Gorden,Business Development,Engineer,gmeaden6z@washingtonpost.com,2882179523,502
Emmey,Research and Development,Subcontractor,eroland70@infoseek.co.jp,4567979567,170
Inger,Engineering,Construction Foreman,ifowlds71@foxnews.com,9986321433,156
Barret,Marketing,Engineer,bmcqueen72@ehow.com,3397544236,1050
Cristal,Product Management,Engineer,cborthram73@qq.com,4441263970,817
Jaye,Services,Subcontractor,jsexti74@mozilla.com,1818727435,45
Weylin,Accounting,Engineer,wchantree75@stanford.edu,1516227602,90
Kathy,Support,Construction Foreman,khazelby76@freewebs.com,8725026828,485
Krystle,Training,Construction Expeditor,kcowcha77@tripadvisor.com,6525755703,744
Allin,Accounting,Construction Foreman,ahendriks78@pcworld.com,4859697377,71
Philip,Marketing,Electrician,phayhoe79@ted.com,6129616392,8485
Clemens,Human Resources,Engineer,cdilrew7a@cargocollective.com,8778670155,1789
Betti,Support,Construction Expeditor,bsteward7b@com.com,4554932268,
Goldina,Accounting,Supervisor,gbabon7c@imageshack.us,3252046306,160
Derron,Support,Construction Manager,dedgin7d@discovery.com,6645459299,682
Maridel,Services,Supervisor,mcunney7e@answers.com,6821695335,2818
Delphine,Legal,Construction Expeditor,dweekly7f@de.vu,9941982418,740
Erna,Research and Development,Subcontractor,ebedder7g@about.me,5235768852,12468
Averil,Marketing,Construction Expeditor,aditchburn7h@jalbum.net,3296033394,21
Remy,Accounting,Architect,reltone7i@blinklist.com,3203943451,166
Miquela,Training,Construction Foreman,mgingles7j@cdbaby.com,5595280338,165
Kally,Research and Development,Architect,kpapez7k@nbcnews.com,6744466987,545
Hymie,Engineering,Construction Foreman,hmatusovsky7l@dailymotion.com,9551150266,90
Sergei,Services,Supervisor,saspital7m@acquirethisname.com,9794511594,7000
Shay,Marketing,Project Manager,sbartolomeo7n@ibm.com,4262165808,794
Maynord,Services,Estimator,msullivan7o@gov.uk,1815920171,66
Katleen,Support,Engineer,ksimkin7p@usgs.gov,3115169338,1476
Patton,Sales,Construction Worker,ptomovic7q@wikimedia.org,9545149740,2414
Garrard,Services,Engineer,groberti7r@w3.org,4267050185,6955
Halsey,Training,Architect,hhoyt7s@oakley.com,1014433319,193
Edi,Engineering,Construction Expeditor,escarff7t@amazonaws.com,3107078050,40
Danila,Legal,Estimator,dsedger7u@newyorker.com,2921553028,150
Barnaby,Business Development,Subcontractor,btreske7v@shinystat.com,3737045316,59
Stirling,Human Resources,Engineer,sdunniom7w@omniture.com,9822059544,610
Husain,Engineering,Supervisor,hniven7x@timesonline.co.uk,1258831502,312
Lenette,Marketing,Project Manager,lbebb7y@sciencedaily.com,9122450697,6
Ruthe,Human Resources,Supervisor,rraffon7z@narod.ru,6333901251,234
Trenna,Sales,Architect,tmeharry80@ebay.com,2021346875,
Neall,Engineering,Electrician,ngoodday81@weibo.com,8381726280,606
Corilla,Legal,Construction Worker,cblackaby82@xrea.com,8744078321,205
Frederic,Sales,Surveyor,frigler83@cbc.ca,1297523963,154
Bethina,Accounting,Estimator,btite84@washington.edu,7818094736,2238
Lemuel,Services,Construction Manager,lcuffin85@weibo.com,2791254028,3692
Aluino,Sales,Construction Expeditor,ablackborne86@networksolutions.com,2559772268,1724
King,Services,Construction Expeditor,kfaircliffe87@wunderground.com,3936803276,107
Bunny,Legal,Engineer,bpieracci88@npr.org,9034664692,755
Cristiano,Engineering,Surveyor,cdelaprelle89@zimbio.com,2213313898,1045
Hilarius,Accounting,Estimator,hswede8a@stumbleupon.com,9553538620,32
Zacharie,Engineering,Electrician,zgordge8b@qq.com,6768443962,1015
Maurene,Sales,Construction Worker,mdawidsohn8c@sbwire.com,5772692495,1227
Emelda,Product Management,Surveyor,egrundon8d@jalbum.net,3259126684,56
Deeyn,Training,Engineer,dnesbit8e@archive.org,8654402139,140
Giselbert,Business Development,Electrician,gwaywell8f@wikia.com,7605279637,232
Vina,Human Resources,Construction Foreman,vvasilenko8g@1und1.de,6511900409,10
Bert,Product Management,Architect,bsamways8h@live.com,3622902010,130
Rosemary,Business Development,Subcontractor,rsalthouse8i@feedburner.com,8212276679,183
Silvana,Legal,Project Manager,ssevery8j@csmonitor.com,6414852356,80
Saree,Engineering,Project Manager,skenan8k@unesco.org,8264481390,1996
Denyse,Sales,Subcontractor,dcaukill8l@istockphoto.com,3774478142,4106
Donalt,Human Resources,Construction Manager,dhuggett8m@scribd.com,5376198389,15
Sully,Business Development,Construction Foreman,skedwell8n@army.mil,2445324931,900
Kandy,Support,Subcontractor,ksyseland8o@indiegogo.com,5458842249,82
Enoch,Research and Development,Construction Worker,edarragon8p@free.fr,9709968387,60
Norah,Product Management,Estimator,ntrustram8q@mit.edu,3014920736,63
Saundra,Services,Construction Expeditor,shirtzmann8r@etsy.com,5281864453,1054
Jeannette,Support,Construction Foreman,jbjorkan8s@flickr.com,7799670222,3400
Rhea,Accounting,Electrician,rgodlee8t@sitemeter.com,3322420486,4
Curt,Legal,Project Manager,cedmons8u@unblog.fr,4336723254,732
Zelig,Engineering,Construction Worker,zshiel8v@gizmodo.com,7862986034,217
Jocko,Services,Subcontractor,jbassingham8w@rambler.ru,7734969783,
Garv,Sales,Construction Expeditor,gtomini8x@marketwatch.com,2979621827,2697
Cris,Engineering,Construction Expeditor,cshoobridge8y@goo.gl,4696226521,2205
Quinta,Services,Engineer,qeasterbrook8z@devhub.com,9772805219,62
Ashbey,Business Development,Construction Manager,asigert90@blogtalkradio.com,6567209117,15
Fairleigh,Human Resources,Construction Expeditor,fcoryndon91@google.pl,8786731997,125
Thorvald,Engineering,Construction Foreman,tbenedick92@samsung.com,9718284130,377
Toiboid,Marketing,Engineer,tgaynes93@irs.gov,5366969492,124
Malina,Product Management,Engineer,mhanretty94@howstuffworks.com,5791492580,1284
Angeli,Business Development,Construction Foreman,aphilipsson95@baidu.com,2079385643,5161
Zedekiah,Business Development,Construction Expeditor,zfevier96@whitehouse.gov,9391088628,106
Morey,Research and Development,Subcontractor,mgatfield97@tamu.edu,2865519202,194
Erma,Legal,Construction Worker,earnell98@weebly.com,2874728276,14
Leonanie,Marketing,Construction Expeditor,lgooble99@buzzfeed.com,8963660882,646
Keeley,Marketing,Architect,kwhitesel9a@wunderground.com,5261839337,772
Mara,Training,Estimator,mjowers9b@narod.ru,9332334890,9
Bancroft,Training,Engineer,bloveman9c@uol.com.br,8518004796,659
Tami,Engineering,Electrician,thissett9d@skype.com,3718002573,990
Annmaria,Support,Estimator,amosey9e@unesco.org,4501562995,
Opaline,Services,Estimator,obonin9f@state.gov,4113152944,9
Samson,Engineering,Construction Expeditor,ssidgwick9g@hexun.com,9455791758,4
Lavinie,Support,Electrician,lstote9h@google.fr,1567116668,3
Blinnie,Business Development,Construction Expeditor,blealle9i@woothemes.com,7988246596,866
D'arcy,Business Development,Project Manager,ddanet9j@gmpg.org,1914465002,4148
Beau,Services,Electrician,battersoll9k@dagondesign.com,3478087143,249
Taber,Support,Surveyor,tpile9l@house.gov,3873872195,150
Cherry,Product Management,Supervisor,challin9m@ucsd.edu,5143402361,627
Mae,Services,Construction Worker,mducarel9n@apache.org,8977756863,668
Stan,Engineering,Estimator,skunneke9o@shutterfly.com,8626458824,1784
Edee,Sales,Construction Worker,efonte9p@blog.com,8203825730,833
Chrysa,Legal,Supervisor,cpoleye9q@blog.com,3852713422,1089
Thornton,Human Resources,Engineer,twharton9r@europa.eu,7979371971,97
Barnaby,Training,Estimator,bmewhirter9s@harvard.edu,5047729479,0
Prudi,Legal,Architect,pmcelrath9t@tripadvisor.com,9836386084,622
Caterina,Legal,Construction Expeditor,crillett9u@newyorker.com,4898544220,359
Marrilee,Human Resources,Electrician,mhinge9v@dailymotion.com,2567194623,2100
Marthe,Support,Construction Manager,mbendson9w@gravatar.com,5509945880,290
Shanan,Human Resources,Construction Manager,saery9x@nymag.com,7037625232,125
Amble,Sales,Project Manager,achevins9y@zdnet.com,5628334447,823
Astrid,Sales,Project Manager,aiowarch9z@shutterfly.com,8317903351,
Nathanael,Engineering,Construction Worker,nbleibauma0@multiply.com,7834540856,1500
Doretta,Sales,Electrician,dgrelaka1@yahoo.co.jp,7015538053,3733
Karine,Engineering,Architect,keglingtona2@shutterfly.com,6123509004,900
Felecia,Sales,Construction Manager,fglynnea3@quantcast.com,3136197271,7
Shawna,Accounting,Construction Manager,svinera4@merriam-webster.com,1555740890,2156
Tobiah,Engineering,Construction Worker,tviviena5@webs.com,3326663301,22
Roth,Research and Development,Project Manager,romonda6@godaddy.com,2011166592,492
Mahala,Research and Development,Architect,maimera7@army.mil,9075938247,68
Marlie,Services,Engineer,mherremaa8@mlb.com,1188661668,1296
Loy,Human Resources,Supervisor,lallcoata9@blogger.com,8029447767,0
Gratia,Marketing,Architect,gadaoaa@themeforest.net,9309248386,249
Morten,Research and Development,Project Manager,merskinesandysab@hexun.com,9126830508,442
Victoir,Support,Estimator,vharkessac@netscape.com,1826058761,44
Clemmy,Business Development,Engineer,clarcierad@uiuc.edu,6586949270,10
Elle,Product Management,Construction Expeditor,eheeneyae@blogspot.com,9614770834,445
Townsend,Training,Construction Foreman,thelbeckaf@google.de,3089369257,1509
Falkner,Legal,Construction Worker,fdansieag@ox.ac.uk,6059662268,655
Bordy,Human Resources,Project Manager,bantoniasah@cloudflare.com,1085543538,463
Barbi,Research and Development,Architect,bjorgai@angelfire.com,9211456534,634
Teddi,Services,Construction Manager,tbergstrandaj@mlb.com,1847774379,195
Sherill,Sales,Construction Expeditor,sdockreayak@ow.ly,4674923230,
Aretha,Sales,Project Manager,abeurichal@clickbank.net,7787876970,574
Kelsi,Human Resources,Construction Expeditor,khukeam@surveymonkey.com,2739062561,920
Ali,Training,Construction Worker,abarnbrookan@amazon.co.uk,1263758373,272
Chip,Marketing,Construction Expeditor,ctackellao@youtube.com,4864343732,399
Jacklyn,Accounting,Surveyor,jternouthap@discovery.com,1012620517,3506
Anjanette,Accounting,Subcontractor,ahusthwaiteaq@irs.gov,4025312582,
Anabel,Support,Supervisor,apinckneyar@scribd.com,5234683563,24
Tanya,Legal,Construction Worker,tcampaigneas@tumblr.com,7097669665,231
Meaghan,Marketing,Engineer,mfrancescuccioat@mediafire.com,4173544584,143
Reynold,Legal,Architect,rdoneldau@gov.uk,5908198881,5530
Abbie,Training,Construction Foreman,aredihoughav@dyndns.org,1386255895,6100
Tatiania,Training,Construction Foreman,tdrynanaw@instagram.com,2958524991,457
Kelsi,Marketing,Project Manager,kwhileax@mozilla.org,8814769350,2469
Gilberto,Training,Architect,gmegaineyay@hexun.com,7146692869,126
Bartolomeo,Engineering,Engineer,bcasbourneaz@mayoclinic.com,7663415242,1306
Mortimer,Sales,Surveyor,mparsissonb0@biglobe.ne.jp,2889081724,1966
Tailor,Product Management,Subcontractor,thookeb1@walmart.com,6251079371,50
Ulric,Engineering,Supervisor,uberzinb2@diigo.com,8627250333,10860
Latashia,Human Resources,Engineer,lberreclothb3@google.pl,7406010481,33
Rick,Accounting,Architect,rklynb4@seesaa.net,7262109414,727
Karel,Product Management,Estimator,kacoryb5@meetup.com,2121525241,5785
Carolus,Accounting,Construction Worker,cmcpakeb6@rakuten.co.jp,1161665294,242
Maxwell,Sales,Construction Manager,mbingellb7@scribd.com,5297700767,886
Piper,Services,Surveyor,prestallb8@sina.com.cn,8678925752,2302
Lynnette,Sales,Construction Manager,lstewartb9@sohu.com,3402149548,984
Francklin,Product Management,Estimator,fpotticaryba@yahoo.co.jp,4019463033,574
Ingrid,Engineering,Construction Manager,ichapplebb@csmonitor.com,9081493244,39
Drucie,Engineering,Construction Foreman,dfarresbc@weebly.com,8951851294,8
Nevsa,Sales,Construction Manager,npeplowbd@booking.com,9678906815,16
Alyson,Product Management,Architect,abeardmorebe@ted.com,1504407187,
See,Research and Development,Construction Expeditor,scoenbf@yahoo.co.jp,3037175281,253
Glen,Training,Project Manager,gcopoziobg@wordpress.com,6383219810,2835
Si,Legal,Construction Worker,sguntripbh@csmonitor.com,9994255669,1119
Viv,Sales,Estimator,voswalbi@google.com,2984889573,288
Nester,Human Resources,Construction Expeditor,nbrekonridgebj@goo.ne.jp,1928361167,806
Raynor,Marketing,Construction Foreman,ralbertsonbk@ox.ac.uk,6947854431,629
Shoshana,Support,Architect,shannonbl@twitter.com,1456857044,61
Vaclav,Support,Estimator,vwoolfendenbm@bloglovin.com,9444631231,205
Terrance,Training,Construction Foreman,tpindarbn@zimbio.com,1633726274,138
Trevor,Training,Estimator,trenolsbo@yellowpages.com,7781465412,340
Danita,Human Resources,Electrician,dmealebp@oakley.com,3475925583,5454
Scottie,Marketing,Architect,sfreebornebq@homestead.com,3172523846,108
Tracey,Human Resources,Construction Manager,tandryszczakbr@canalblog.com,9035665382,16
Kareem,Engineering,Construction Manager,kgartsidebs@ted.com,8961349564,0
Bobby,Support,Construction Foreman,badenetbt@macromedia.com,5058328644,348
Manfred,Product Management,Estimator,mdurbannbu@fda.gov,2102343605,29
Jamaal,Human Resources,Subcontractor,jmacanebv@github.com,8531556087,16
Bibbie,Product Management,Architect,bubankbw@weebly.com,5634439054,2812
Dacie,Business Development,Construction Expeditor,dkochlbx@mysql.com,7718504805,3125
Samson,Business Development,Supervisor,seddenby@unicef.org,3687695485,118
Juanita,Research and Development,Architect,jpirronebz@freewebs.com,4946933591,18
Jarib,Business Development,Subcontractor,jdunsmorec0@icio.us,1894261733,11
Nathalie,Support,Surveyor,nstitfallc1@buzzfeed.com,1776848870,89
Doy,Engineering,Construction Worker,dtondeurc2@soundcloud.com,2186102668,25
Shannen,Legal,Construction Foreman,smilletonc3@slideshare.net,3658602262,60
Dunstan,Support,Project Manager,dlindoresc4@wp.com,7223117361,
Carissa,Product Management,Engineer,chavenhandc5@ucla.edu,5929724879,20
Derby,Support,Project Manager,dakredc6@istockphoto.com,9955517670,112
Tyne,Human Resources,Subcontractor,tlarwellc7@cocolog-nifty.com,8886083751,27
Octavius,Training,Engineer,omcskeaganc8@mac.com,5153634991,201
Judith,Support,Surveyor,jcalabryc9@so-net.ne.jp,9272193367,42
Carolann,Business Development,Construction Expeditor,cgreedingca@xing.com,1943248625,474
Mei,Services,Electrician,mligginscb@google.es,7487402336,1700
Ilene,Services,Construction Foreman,ibrouwercc@ustream.tv,9956797097,135
Jorrie,Services,Electrician,jproudlockcd@nydailynews.com,5557444871,20
Florinda,Support,Supervisor,foraece@myspace.com,5312383105,2100
Porty,Training,Project Manager,pdrewetcf@wufoo.com,1786797571,427
Vivie,Product Management,Supervisor,vhanscg@netlog.com,6647938431,433
Ethan,Business Development,Electrician,epurvisch@quantcast.com,3595322259,30
Joyce,Marketing,Subcontractor,jewinci@apple.com,3711020157,
Hyacinthia,Marketing,Subcontractor,heldrettcj@discuz.net,9859734855,240
Darda,Product Management,Surveyor,dmaffeyck@ovh.net,2883642960,55
Violetta,Legal,Construction Manager,vspringatecl@ebay.com,1112487928,1341
Ilario,Human Resources,Engineer,ichamperlencm@wsj.com,6501748607,916
Madlen,Marketing,Subcontractor,mbentotecn@edublogs.org,9564144370,3584
Darsey,Business Development,Engineer,dgernierco@mtv.com,9262293782,311
Brier,Marketing,Supervisor,bpeercp@hp.com,6243774297,161
Novelia,Research and Development,Architect,nfauningcq@wisc.edu,3742172606,867
Mathew,Training,Construction Expeditor,mlindsleycr@jigsy.com,7286681192,1252
Jacquelin,Engineering,Electrician,jwoollendscs@mayoclinic.com,5118249413,52
Anestassia,Sales,Supervisor,aibanezct@lycos.com,3355253853,2960
Robby,Human Resources,Subcontractor,rzannellicu@unesco.org,7135324499,2
Kristi,Legal,Construction Manager,kcorcorancv@businessweek.com,9964600220,1036
Muhammad,Human Resources,Construction Worker,mcowhigcw@tinyurl.com,2629918134,3700
Alister,Human Resources,Construction Manager,atiptoncx@furl.net,2469146701,3115
Raleigh,Research and Development,Supervisor,rcastellanicy@bizjournals.com,5852579665,9
Otho,Research and Development,Construction Manager,omalyjcz@msu.edu,5152138717,3939
Geoffrey,Human Resources,Electrician,gobruend0@plala.or.jp,5404536420,
Gabbey,Business Development,Electrician,gsavaaged1@craigslist.org,2937399638,14
Eloisa,Accounting,Engineer,ewedmored2@tripod.com,1937944483,16
Thatcher,Marketing,Architect,tolivellid3@elpais.com,5327805332,188
Cam,Sales,Construction Foreman,cjaymed4@phoca.cz,9618434852,1965
Katerine,Sales,Construction Foreman,ksametd5@infoseek.co.jp,2659032582,45
Ellynn,Sales,Surveyor,erendled6@example.com,2165270932,299
Herc,Research and Development,Supervisor,hklessmannd7@irs.gov,4082994952,11136
Rufus,Marketing,Construction Manager,rtwidled8@i2i.jp,9143958811,29
Revkah,Human Resources,Construction Worker,rtieryd9@barnesandnoble.com,9851966973,1250
Ernest,Services,Project Manager,emussillida@tuttocitta.it,9267424264,3030
Sharai,Human Resources,Estimator,spiddingtondb@list-manage.com,7179379200,3337
Elyn,Services,Construction Worker,etaillarddc@uol.com.br,8402448950,4456
Kip,Support,Construction Expeditor,kdudgeondd@phpbb.com,1066107036,26
Jessalin,Support,Subcontractor,jmartiniede@vistaprint.com,9593961096,30
Aurelea,Marketing,Supervisor,atregonadf@hostgator.com,5429176919,2373
Orton,Legal,Engineer,olepickdg@acquirethisname.com,5335935027,3442
Tallie,Research and Development,Construction Worker,tlackmanndh@merriam-webster.com,2638640078,39
Spenser,Legal,Construction Foreman,speltzerdi@gov.uk,9186958757,106
Norman,Training,Surveyor,ngobourndj@oakley.com,1906535425,241
Sebastiano,Product Management,Project Manager,sagostinidk@xing.com,9657018744,225
Roselin,Product Management,Construction Manager,rduncombedl@sohu.com,2668763921,15
Gerik,Engineering,Construction Manager,gcoldbathedm@spotify.com,9839496089,2278
Gavrielle,Sales,Project Manager,glightollersdn@mysql.com,8826522623,1230
Osmund,Accounting,Architect,owaterfielddo@zimbio.com,5942627292,27
Vlad,Legal,Construction Worker,vberwickdp@artisteer.com,4091177235,5241
Matty,Accounting,Architect,mvollerdq@mit.edu,9511902427,663
Carmelle,Services,Electrician,cmacgillaverydr@lycos.com,8211634908,23
Towny,Sales,Construction Worker,twasbeyds@lulu.com,9921785608,20
Stefania,Human Resources,Engineer,shoysdt@narod.ru,3727816799,49
Roscoe,Human Resources,Construction Manager,rbrazenordu@comcast.net,9026386905,352
Sky,Services,Engineer,sbroomerdv@cmu.edu,6754025661,730
Darbee,Business Development,Architect,dpethrickdw@themeforest.net,9426831424,71
Leoline,Engineering,Project Manager,lmattiatodx@google.it,8188065288,108
Erwin,Business Development,Engineer,esneesbiedy@ted.com,6696504211,786
Joscelin,Services,Electrician,jodooghainedz@columbia.edu,9239523550,508
Lucita,Sales,Surveyor,lhealde0@typepad.com,3451484584,1860
Irving,Services,Estimator,imaltbye1@networksolutions.com,4792125262,558
Florry,Support,Estimator,fpiggreme2@forbes.com,3823499627,90
Sol,Marketing,Electrician,spostgatee3@phoca.cz,1937900083,30
Lynea,Accounting,Electrician,lkitchinhame4@liveinternet.ru,1294813070,3652
Pauletta,Training,Construction Worker,pstaceye5@ucoz.ru,1747308408,240
Hortensia,Marketing,Estimator,hodochertye6@samsung.com,5703584518,-11
Hinze,Product Management,Project Manager,hbaynese7@europa.eu,1765348861,103
Brody,Human Resources,Architect,biveanse8@usatoday.com,5827334821,60
Augustina,Engineering,Construction Manager,asibarye9@list-manage.com,9418249799,492
Anderea,Human Resources,Project Manager,afassbindlerea@xrea.com,7674276391,52
Katherine,Product Management,Electrician,ktrundleeb@ucoz.com,5008057618,87
Dita,Accounting,Subcontractor,dmcneelyec@google.es,2606320160,1890
Stanly,Legal,Supervisor,sannatted@mayoclinic.com,7134565034,699
Victor,Support,Project Manager,vschuttee@bloomberg.com,8527442064,20
Meaghan,Support,Architect,mbyrdef@paypal.com,7109014274,75
Gwenette,Services,Engineer,gtaudevineg@google.com.au,3287591859,
Bastian,Legal,Engineer,bgillivereh@miibeian.gov.cn,2211455514,157
Allina,Support,Architect,atewkesberryei@fema.gov,3174978750,3732
Jacquie,Accounting,Construction Foreman,jhellyarej@amazon.com,8589905458,955
Jesse,Human Resources,Construction Expeditor,jceresaek@mac.com,9591936995,258
Clarence,Business Development,Architect,cspreadel@github.io,3697724770,
Florrie,Research and Development,Project Manager,ffeaveerem@i2i.jp,6517848129,698
Melli,Sales,Construction Manager,mjanningsen@ftc.gov,2417311431,52
Margarita,Marketing,Surveyor,mreynoldseo@hud.gov,3592694738,131
Robby,Services,Subcontractor,rcarragherep@bloglines.com,6412689960,38
Merrile,Engineering,Project Manager,mwhistaneq@spotify.com,3094970737,1508
Evelin,Legal,Subcontractor,elawransoner@elegantthemes.com,3916498738,656
Beverlie,Accounting,Engineer,bisardes@hatena.ne.jp,3879002862,5889
Trenton,Legal,Engineer,tsodoret@ovh.net,2118261823,425
Lucais,Marketing,Estimator,lhakonseneu@youtu.be,1522612374,30
Rubie,Engineering,Surveyor,rhenderev@123-reg.co.uk,4645584704,60
Geordie,Support,Supervisor,galcideew@gnu.org,5189513558,1290
Albertine,Human Resources,Surveyor,awillsmoreex@digg.com,1603792761,
Vivien,Marketing,Project Manager,vgannicleffey@wisc.edu,9813565834,1013
Bear,Research and Development,Architect,bmacdougalez@domainmarket.com,7709623058,2960
Jobi,Product Management,Supervisor,jblincof0@jigsy.com,3832244819,90
Melodee,Legal,Architect,mmoncurf1@intel.com,2246123209,423
Kelcey,Accounting,Supervisor,kmilvarnief2@imageshack.us,9149887634,2750
Colette,Business Development,Electrician,csmurfitf3@epa.gov,4509258184,2985
Gaspard,Product Management,Supervisor,gpellingarf4@livejournal.com,3223559315,1217
Padraic,Accounting,Estimator,pmenendesf5@fda.gov,2526683042,2215
Janaye,Services,Construction Expeditor,jcobbledf6@amazon.de,6491963074,1768
Ringo,Research and Development,Engineer,rseebrightf7@sitemeter.com,9452185185,148
Emlynn,Human Resources,Construction Foreman,estollenbergf8@meetup.com,8379560537,12
Janene,Business Development,Construction Worker,jkubczakf9@hp.com,3202411582,24
Rheta,Research and Development,Construction Manager,rstutfa@ifeng.com,9335326200,5
Gray,Research and Development,Project Manager,gkobkefb@sogou.com,5296601797,3770
Tamqrah,Marketing,Construction Foreman,tlapsleyfc@samsung.com,4477655701,10
Myron,Legal,Engineer,mpenvardenfd@issuu.com,3293176176,2287
Libbie,Training,Construction Foreman,lcumbridgefe@sitemeter.com,1621658319,24
Esme,Accounting,Estimator,ecarhartff@goo.ne.jp,8214711924,7200
Jorry,Marketing,Project Manager,jpassfg@is.gd,6599494402,33
Aime,Product Management,Architect,adoreyfh@smugmug.com,8267234995,840
Taber,Training,Project Manager,tscreetonfi@apple.com,9379017994,3396
Charles,Accounting,Surveyor,cromaninifj@msu.edu,9577396554,2588
Daile,Sales,Construction Worker,dmixonfk@seattletimes.com,7844975847,13
Terrel,Accounting,Surveyor,tricardsfl@msu.edu,4916875605,996
Ransom,Services,Estimator,rrobesonfm@auda.org.au,4509747510,782
Olympie,Product Management,Construction Manager,otravesfn@hc360.com,8744597373,5262
Culley,Sales,Construction Foreman,charwickfo@dailymail.co.uk,7059493638,2641
Anthiathia,Legal,Electrician,asorbeyfp@wikia.com,8648640005,426
Larine,Support,Architect,lfayerfq@spotify.com,1403967461,950
Sheri,Sales,Construction Manager,sreanfr@bravesites.com,9612842577,231
Talya,Product Management,Estimator,tcheinefs@netscape.com,2616103500,8400
Diena,Human Resources,Supervisor,djallinft@histats.com,8847915747,617
Kalinda,Legal,Subcontractor,kbeardshawfu@de.vu,9284394424,194
Fielding,Services,Supervisor,fdrewsfv@google.com.au,9204066064,6778
Filberte,Training,Construction Expeditor,fmckeeversfw@si.edu,9897954938,5
Allissa,Engineering,Estimator,alukovicfx@parallels.com,7214808182,37
Simonne,Product Management,Project Manager,ssynderfy@narod.ru,2348387257,10
Gretal,Engineering,Construction Worker,gchittimfz@ft.com,1865214853,676
Justine,Support,Project Manager,jbarlingg0@accuweather.com,3891067112,2835
Avery,Sales,Architect,agrebnerg1@flickr.com,8042985867,2073
Bradley,Engineering,Construction Foreman,bmogeyg2@wp.com,2542189688,15
Belvia,Product Management,Electrician,bdowkerg3@privacy.gov.au,9317682499,720
Bellina,Training,Estimator,bcheasmang4@freewebs.com,6651358873,135
Carleton,Business Development,Electrician,ckaasmang5@altervista.org,5711507656,210
Julina,Sales,Electrician,jedsallg6@reference.com,3306314770,292
Glyn,Accounting,Construction Worker,gferneg7@google.fr,1969404593,13
Allissa,Product Management,Estimator,acavillag8@goo.gl,3824558770,190
Cary,Training,Construction Foreman,cstearleyg9@upenn.edu,6806510591,15
Joline,Services,Construction Worker,jerangyga@patch.com,7354232547,70
Beckie,Product Management,Construction Expeditor,bbenedettinigb@marketwatch.com,7454056993,35
Anatole,Support,Surveyor,amathougc@unesco.org,7404485008,3115
Celie,Support,Supervisor,cphilippgd@icq.com,1516142461,100
Carroll,Research and Development,Supervisor,cperigoge@loc.gov,8276995533,599
Miles,Support,Electrician,mswindlehurstgf@columbia.edu,2366881251,231
Hazel,Legal,Construction Manager,hghelarduccigg@hud.gov,9155998720,25
Laird,Training,Surveyor,laiskovitchgh@naver.com,4022535532,454
Adam,Business Development,Construction Foreman,akitcatgi@oakley.com,2179435754,73
Andrea,Support,Supervisor,ateissiergj@cloudflare.com,6363861531,3655
Jonie,Training,Supervisor,jengehamgk@spotify.com,2092184624,210
Evita,Accounting,Architect,eblackergl@topsy.com,2696302503,12
Pierre,Services,Estimator,pdombrellgm@domainmarket.com,3931926672,465
Nert,Research and Development,Surveyor,nsherbrookegn@bbc.co.uk,3721829765,3904
Marina,Support,Construction Foreman,mattwatergo@reference.com,5431873050,12
Asher,Business Development,Construction Worker,amacnessgp@cpanel.net,4027786927,1131
Tabbi,Human Resources,Subcontractor,tbroadeygq@google.nl,5206949489,77
Harley,Product Management,Architect,hcristoforettigr@amazon.co.jp,3341641668,
Panchito,Human Resources,Construction Manager,pkurthgs@hexun.com,9834903185,12
Norry,Training,Estimator,nhatreygt@soundcloud.com,8083851164,87
Maximilien,Support,Surveyor,mmarkegu@cornell.edu,6824469264,27
Basile,Product Management,Construction Expeditor,bmingusgv@mysql.com,5251848535,11300
Jodi,Human Resources,Surveyor,jworkesgw@over-blog.com,7985309160,5125
Cornelia,Marketing,Construction Expeditor,cgravenellgx@furl.net,7874072429,469
Rhett,Legal,Construction Foreman,reaglinggy@skyrock.com,2608205987,6388
Alena,Services,Construction Manager,aoneilgz@ox.ac.uk,7065126376,87
Kerrie,Services,Engineer,kmcentegarth0@alexa.com,2296400123,60
Minor,Support,Construction Manager,mheasmanh1@wikispaces.com,8715800421,45
Rubie,Training,Construction Manager,rrainsdonh2@google.pl,1019064796,213
Lyell,Business Development,Construction Manager,landrejsh3@flavors.me,9613600586,1407
Trudie,Accounting,Surveyor,trobbh4@fc2.com,3241718751,403
Winifred,Human Resources,Project Manager,wfolomkinh5@scribd.com,3141354152,13
Lindy,Support,Construction Foreman,lridgedellh6@unicef.org,5442813945,778
Denna,Human Resources,Construction Expeditor,dmattackh7@imgur.com,7429758986,228
Ivory,Legal,Construction Worker,igreatbankh8@pinterest.com,6428508449,1873
Candra,Support,Subcontractor,cjeevesh9@indiegogo.com,4094936005,1175
Tabor,Sales,Engineer,twrightonha@google.pl,5643520482,75
Randall,Support,Construction Manager,rvassbenderhb@engadget.com,7416361761,131
Alissa,Marketing,Construction Expeditor,adavisonhc@youku.com,5793297452,514
Berti,Research and Development,Architect,bcrispehd@walmart.com,4132170905,70
Sophey,Human Resources,Surveyor,seskriggehe@virginia.edu,5083449668,3
Doy,Training,Surveyor,dstilgohf@ameblo.jp,9831926277,239
Cathleen,Accounting,Construction Foreman,cshatliffehg@cam.ac.uk,7871599424,56
Towny,Legal,Project Manager,tasletthh@about.me,8836421806,308
Alic,Support,Architect,acuellhi@tamu.edu,3004516774,1675
Lindie,Training,Electrician,lconnahhj@ifeng.com,3164955369,13
Fowler,Research and Development,Electrician,fpardeyhk@ning.com,3029033350,72
Maurie,Support,Electrician,mhansedhl@opera.com,9826935990,4395
Adriaens,Marketing,Surveyor,abruhnkehm@discovery.com,6662857618,742
Elly,Business Development,Construction Foreman,eaddesshn@posterous.com,8685208732,519
Nita,Accounting,Subcontractor,nscholtzho@stanford.edu,2242546289,5741
Cristy,Sales,Engineer,clukehursthp@nature.com,4222839558,53
Stafford,Human Resources,Engineer,sneashamhq@vimeo.com,8245360844,299
Aylmer,Engineering,Supervisor,ajordenhr@wikipedia.org,2672605693,1560
Dewitt,Engineering,Subcontractor,dsehorschhs@cafepress.com,4738769646,1640
Normie,Business Development,Project Manager,nlomaxht@printfriendly.com,1709840958,
Ole,Support,Subcontractor,oalbinsonhu@newyorker.com,9901537898,6050
Alecia,Research and Development,Construction Manager,amcgiffinhv@jiathis.com,9421300430,646
Tamas,Engineering,Project Manager,tbrighthw@cnbc.com,3666805361,723
Pernell,Marketing,Subcontractor,ptinanhx@gizmodo.com,5178272179,42
Nadine,Human Resources,Project Manager,nreddingshy@taobao.com,6298866494,25
Tammara,Legal,Engineer,tstanfieldhz@cocolog-nifty.com,6535315692,528
Goddard,Marketing,Construction Expeditor,gduminii0@answers.com,6053934912,90
Dalenna,Accounting,Surveyor,dlangstaffi1@flavors.me,4195805039,2284
Maritsa,Support,Electrician,mmashali2@elpais.com,5543416604,12
Blinny,Engineering,Project Manager,brenforthi3@miibeian.gov.cn,6618136637,247
Alecia,Training,Engineer,ayeolandi4@cargocollective.com,7372414457,371
Aaron,Product Management,Project Manager,amacmaykini5@yelp.com,5066964990,232
Ginni,Product Management,Construction Manager,gsquibbi6@nydailynews.com,5469569689,3133
Dalis,Product Management,Supervisor,dvallacki7@bigcartel.com,7897522190,3012
Egon,Research and Development,Construction Foreman,estogglesi8@comsenz.com,4754855498,348
Chas,Training,Engineer,cderechteri9@squidoo.com,9871816163,125
Ally,Training,Electrician,atimbridgeia@scribd.com,4859070987,545
Alberto,Human Resources,Construction Expeditor,abuyersib@nyu.edu,3975542735,177
Merrill,Research and Development,Construction Expeditor,mmcphillimeyic@who.int,2517451241,89
Sibbie,Sales,Subcontractor,sormistonid@nba.com,5256570156,18
Darb,Accounting,Engineer,dconybearie@deviantart.com,4759655073,23
Shari,Accounting,Surveyor,sdeeslyif@europa.eu,6609111409,9
Lita,Training,Supervisor,lbrandiig@deviantart.com,2077398555,131
Arlen,Training,Electrician,arametih@springer.com,9938189239,1576
Frazier,Accounting,Engineer,fastii@redcross.org,1175955619,1902
Kylen,Marketing,Estimator,kgrittenij@hc360.com,1601725965,2938
Orelie,Product Management,Supervisor,opervewik@amazon.co.jp,1882646539,194
Weston,Support,Estimator,wjarretil@multiply.com,7795782062,573
Towny,Research and Development,Electrician,tcrinionim@123-reg.co.uk,2135326807,1890
Benedicto,Training,Supervisor,bcrosdillin@cnn.com,4731615802,314
Coleen,Legal,Construction Worker,claweeio@newyorker.com,4038296044,41
Cordie,Marketing,Construction Expeditor,crepperip@wix.com,9681506360,141
Theresina,Services,Surveyor,trambautiq@microsoft.com,1041575500,15
Misti,Services,Electrician,mkliemannir@last.fm,3912091159,5
Ave,Marketing,Construction Expeditor,abeebleis@reverbnation.com,5313250170,154
Blaine,Business Development,Engineer,bwicherit@ifeng.com,8237496758,1762
Tamma,Training,Project Manager,tgandersiu@imageshack.us,7378394963,6800
Demetri,Marketing,Estimator,drashleighiv@indiegogo.com,5529979066,180
Audry,Marketing,Electrician,abondleyiw@webs.com,4727297266,2117
Dinnie,Training,Project Manager,dsteptoix@hc360.com,9329097412,0
Calley,Business Development,Estimator,colpiniy@shareasale.com,5823422575,9246
Holt,Research and Development,Subcontractor,hpetrusiz@examiner.com,4478678440,3279
Kellie,Legal,Construction Manager,kwardhawj0@census.gov,1808788720,1641
Aridatha,Product Management,Architect,achazerandj1@ning.com,5269460843,1085
Darren,Business Development,Surveyor,dblissittj2@com.com,5437620182,85
Tadd,Legal,Construction Foreman,ttrusslerj3@buzzfeed.com,4851735027,320
Viviyan,Sales,Estimator,vcarverhillj4@patch.com,5304589020,69
Chrisy,Legal,Architect,cadamsenj5@digg.com,9594759061,35
Dara,Legal,Construction Manager,dcollsj6@senate.gov,1279621652,20
Ilyse,Accounting,Estimator,ilaurandj7@netvibes.com,1751402017,183
Bryna,Research and Development,Construction Foreman,bchildersj8@mit.edu,7399170785,169
Kali,Legal,Construction Manager,kcuerdaj9@cafepress.com,6296270242,40
Yevette,Marketing,Electrician,ymarietja@i2i.jp,6055034940,24
Levon,Human Resources,Construction Foreman,lliasjb@spotify.com,1902793721,92
Katharyn,Engineering,Surveyor,kkohringjc@dagondesign.com,1266413581,315
Timmi,Sales,Estimator,toriginjd@naver.com,1497266787,1073
Cecelia,Accounting,Construction Worker,cbrockwellje@creativecommons.org,4206495638,3
Cleve,Accounting,Engineer,cdecarlojf@admin.ch,5216943745,1930
Romeo,Accounting,Surveyor,rbottingjg@toplist.cz,7461458422,151
De,Product Management,Construction Foreman,dmullanejh@chicagotribune.com,2506476110,2661
Robenia,Business Development,Estimator,rsainterji@dion.ne.jp,4443042687,3300
Thorpe,Services,Construction Manager,toxberryjj@paginegialle.it,6327946530,556
See,Research and Development,Project Manager,sgilardonijk@gizmodo.com,6039408187,20
Philippe,Engineering,Construction Foreman,pbrockelsbyjl@ucoz.ru,8169763717,23
Cinderella,Product Management,Architect,ceaglestonejm@squidoo.com,3823565785,297
Shaun,Marketing,Subcontractor,smccartjn@bbc.co.uk,4411463338,580
Philomena,Business Development,Engineer,pjoreaujo@oakley.com,8393486923,3287
Annamaria,Research and Development,Architect,araphaeljp@hibu.com,8302451551,3176
Gustave,Training,Construction Expeditor,grunnaclesjq@chronoengine.com,3716659346,7
Libbey,Marketing,Architect,lturbittjr@si.edu,9361640203,30
Bucky,Support,Construction Worker,bsaunperjs@java.com,9117724893,32
Mychal,Sales,Construction Expeditor,mpoltunjt@gravatar.com,3996325579,123
Eal,Sales,Electrician,emurnameju@wired.com,6932362858,1306
Gilli,Accounting,Construction Worker,ggrunwaldjv@xrea.com,2826778765,161
Olva,Human Resources,Estimator,obrachjw@meetup.com,4435308235,5127
Justina,Legal,Subcontractor,jlampaertjx@g.co,7916685316,606
Eleonora,Support,Construction Worker,emoriartyjy@freewebs.com,2632852042,1325
Wendye,Human Resources,Electrician,wfrankomjz@cocolog-nifty.com,3553279762,
Clarey,Accounting,Subcontractor,chendink0@joomla.org,8582298939,6903
Verla,Product Management,Estimator,vtregunnahk1@sun.com,8843873925,368
Tracy,Business Development,Construction Manager,tcardenosak2@example.com,4669843890,587
Drucie,Business Development,Construction Manager,dbigglestonek3@craigslist.org,2606477369,100
Whitby,Training,Engineer,wmarlandk4@woothemes.com,5303963402,2776
Tomkin,Engineering,Construction Expeditor,tipsleyk5@wikispaces.com,5036018068,73
Erek,Business Development,Construction Expeditor,ezorenerk6@yolasite.com,2171708552,1148
Hilarius,Marketing,Construction Foreman,hbackshillk7@bandcamp.com,1918036902,220
Bibby,Human Resources,Engineer,bbarkleyk8@cocolog-nifty.com,7254316283,25
Ivett,Accounting,Subcontractor,idumphyk9@i2i.jp,4257143682,160
Nananne,Services,Construction Foreman,nbachuraka@paginegialle.it,2832736683,23
Corbie,Engineering,Construction Foreman,clibbeykb@google.ca,2941762881,74
Cybill,Legal,Engineer,cironmongerkc@hostgator.com,6107341447,93
Bev,Research and Development,Supervisor,bgrickskd@seesaa.net,9738433441,6377
Bren,Support,Engineer,blowaterke@istockphoto.com,6663381645,3806
Marlow,Business Development,Estimator,mdenneykf@slate.com,9283999534,981
Milli,Engineering,Construction Worker,mtillardkg@discovery.com,2522137501,60
Keen,Legal,Subcontractor,khiddersleykh@sfgate.com,5144732554,653
Leanna,Services,Supervisor,llawrensonki@canalblog.com,4151290488,943
Benetta,Training,Construction Expeditor,bwillwoodkj@hibu.com,5263198177,52
Gaspar,Marketing,Construction Foreman,gsworderkk@wikimedia.org,1955137245,28
Bee,Engineering,Project Manager,blovekl@about.me,9697175243,70
Tabatha,Support,Surveyor,trizzikm@liveinternet.ru,3497706813,1142
Joanne,Human Resources,Construction Manager,jsimickn@npr.org,9985551090,10
Gracia,Human Resources,Construction Expeditor,gmarkelko@fotki.com,8257154688,1776
Andras,Sales,Architect,afirkskp@sogou.com,3107718141,51
Biddie,Product Management,Engineer,bmacsporrankq@redcross.org,5585042185,233
Margaretta,Accounting,Construction Worker,mgreenroddkr@netvibes.com,6225626798,1848
Reggi,Sales,Construction Worker,rpennycookks@bluehost.com,9466106342,30
Bjorn,Services,Construction Manager,bhargroveskt@irs.gov,3839520764,1215
Lise,Business Development,Supervisor,lbatterbeeku@eepurl.com,9052633012,400
Hy,Marketing,Electrician,hmotekv@nytimes.com,4461568180,49
Mill,Services,Engineer,mlapleykw@chicagotribune.com,6018760646,626
Giraud,Marketing,Construction Worker,gogroganekx@homestead.com,8978077435,230
Clea,Training,Subcontractor,cnimmoky@tripod.com,2217267175,16
Bailie,Legal,Construction Manager,bmacbethkz@ebay.co.uk,7075875436,2240
Emilio,Business Development,Subcontractor,eroxburghl0@surveymonkey.com,1207669926,306
Farah,Support,Surveyor,fkiddsl1@histats.com,2633766426,3080
Blondy,Marketing,Construction Manager,bscrasel2@jimdo.com,2087941871,5350
Rhea,Research and Development,Estimator,roolahanl3@eepurl.com,6352295189,50
Erv,Product Management,Subcontractor,edearlovel4@forbes.com,4377492507,160
Quinton,Human Resources,Architect,qragotl5@forbes.com,4414517332,23
Tallie,Marketing,Electrician,thutcheonl6@rakuten.co.jp,1101567955,9
Dasie,Sales,Supervisor,dsaiensl7@hexun.com,4198115665,50
Paco,Legal,Construction Manager,pglassardl8@ow.ly,2469700688,652
Bastian,Marketing,Construction Worker,bcausticl9@go.com,4698381378,4465
Sigmund,Human Resources,Construction Worker,sperrygola@aboutads.info,4856008559,2784
Stevana,Sales,Architect,sbentjelb@patch.com,3929590811,17
Letta,Support,Construction Expeditor,lgillfordlc@blogtalkradio.com,8973783154,220
Luz,Marketing,Construction Manager,linsullld@cisco.com,1472961896,946
Valma,Business Development,Construction Foreman,vmasserle@amazon.co.uk,9487898907,566
Granger,Legal,Construction Expeditor,gconnewlf@shareasale.com,1829278021,2013
Deerdre,Research and Development,Construction Expeditor,dpaternolg@google.cn,2923431136,540
Boycey,Training,Engineer,bmanketelllh@dedecms.com,5117694817,499
Leshia,Accounting,Construction Expeditor,lhumphersonli@businessweek.com,7413695466,2050
Adiana,Engineering,Engineer,awhittonlj@domainmarket.com,7224709386,2
Greer,Sales,Construction Manager,gdarlestonlk@discovery.com,1818528294,59
Teresa,Accounting,Project Manager,tspeddingll@merriam-webster.com,3448250965,30
Ford,Legal,Supervisor,floadmanlm@paypal.com,6724327203,808
Kermy,Business Development,Surveyor,kdearleln@symantec.com,2834070355,29
Rodolphe,Human Resources,Subcontractor,rmacpeakelo@blinklist.com,2066270548,1
Doug,Research and Development,Construction Expeditor,dgascoyenlp@free.fr,3424248616,193
Keslie,Support,Project Manager,kmceachernlq@newsvine.com,9628140447,15
Talya,Accounting,Engineer,talvaradolr@nps.gov,8406003579,70
Kaila,Training,Estimator,kpretleyls@nifty.com,8035823471,13
Devin,Product Management,Construction Worker,dwoodworthlt@163.com,8175632572,60
Alie,Product Management,Estimator,abarrimlu@google.com.au,5288195492,23
Beverly,Engineering,Surveyor,bsibarylv@springer.com,6113987897,333
Mandel,Sales,Architect,mfensomelw@gmpg.org,9656153808,591
Jacqueline,Accounting,Electrician,jlansburylx@altervista.org,9881738252,0
Joete,Human Resources,Subcontractor,jmalatalantly@naver.com,5333086090,412
Teresita,Business Development,Construction Expeditor,tpankethmanlz@spiegel.de,2395698326,2346
Martie,Support,Supervisor,mliebermannm0@gov.uk,5474293070,60
Pepita,Human Resources,Construction Worker,pkensingtonm1@answers.com,9802813070,1162
Martynne,Accounting,Construction Expeditor,mleucharsm2@amazon.co.uk,2006544930,4217
Gleda,Human Resources,Construction Manager,gtracem3@flickr.com,2625492803,3374
Adam,Accounting,Construction Manager,afurmengerm4@jalbum.net,3152101840,193
Westley,Training,Construction Manager,wninehamm5@ocn.ne.jp,6676443416,91
Belita,Services,Construction Expeditor,bwestphalenm6@thetimes.co.uk,1531844226,3
Blanca,Business Development,Supervisor,blaugharnem7@hp.com,8478469744,60
Freddie,Research and Development,Supervisor,fedmandsm8@tumblr.com,2596143890,
Devy,Support,Electrician,dstadingm9@vkontakte.ru,1141403876,924
Consuelo,Human Resources,Surveyor,coverstallma@earthlink.net,1415529975,16
Reynold,Services,Construction Worker,rcrampinmb@toplist.cz,6084371780,30
Clyve,Human Resources,Project Manager,cmcluckymc@buzzfeed.com,7309290945,219
Fifine,Engineering,Construction Worker,fbuscombemd@marriott.com,6631075805,3048
Celestine,Services,Construction Worker,chuetsonme@nbcnews.com,4748424284,8
Ida,Legal,Project Manager,ititteringtonmf@networkadvertising.org,7036857133,32
Velvet,Sales,Supervisor,vosmonmg@jigsy.com,6468825602,
Saleem,Product Management,Project Manager,sboicemh@typepad.com,1715922120,11
Coralie,Accounting,Engineer,ccheeneymi@amazonaws.com,8838616407,172
Rene,Human Resources,Surveyor,rmcveaghmj@acquirethisname.com,2095830504,1898
Paulita,Training,Subcontractor,psaywardmk@cnn.com,3162898243,14
Elissa,Engineering,Construction Manager,eritchingsml@tmall.com,7607919103,5587
Minnnie,Accounting,Surveyor,mwoodsfordmm@timesonline.co.uk,4789285998,8466
Goran,Product Management,Construction Expeditor,ghenrionmn@eepurl.com,6684883850,1056
Arlene,Research and Development,Supervisor,akenefordemo@umich.edu,4271639057,337
Tim,Product Management,Engineer,thurlinmp@engadget.com,6904845333,354
Dasya,Sales,Construction Expeditor,dortesmq@artisteer.com,7085622884,869
Rasia,Engineering,Estimator,rovershottmr@unesco.org,7044912135,132
Arnold,Legal,Subcontractor,aiacobettoms@narod.ru,1953523270,892
Savina,Sales,Subcontractor,sguillfordmt@blog.com,9651082562,82
Dore,Legal,Subcontractor,dgilbanksmu@prnewswire.com,2841327960,568
Bobby,Legal,Architect,brumneymv@quantcast.com,5813695216,14
Shem,Research and Development,Subcontractor,screebermw@chicagotribune.com,8135678148,966
Bret,Training,Estimator,blangelaanmx@nifty.com,3972584465,1144
Arlina,Research and Development,Architect,adeambrosismy@sohu.com,2592484155,479
Paxton,Marketing,Construction Worker,pleckenbymz@state.gov,6697965497,900
Nadya,Accounting,Supervisor,nshelmerdinen0@addthis.com,6493765810,1578
Siana,Business Development,Engineer,shawkeridgen1@linkedin.com,1985108050,483
Noelyn,Human Resources,Construction Foreman,nlavingtonn2@google.fr,5242876734,41
Rochell,Business Development,Estimator,rinderwickn3@multiply.com,4405174665,10
Larissa,Research and Development,Construction Foreman,lcuradon4@jiathis.com,4133160932,1183
Ameline,Services,Electrician,amabbotn5@pcworld.com,9149072812,1208
Collen,Services,Construction Worker,cabramowitchn6@wikimedia.org,2941215779,33
Royce,Accounting,Estimator,rgrahamslawn7@pen.io,9836708622,1074
Brita,Services,Construction Manager,bianellin8@amazon.de,8936877357,217
Clotilda,Services,Surveyor,cdietzn9@wikipedia.org,9142112990,
Kara,Business Development,Architect,kbohlsenna@google.pl,4924317623,133
Borg,Accounting,Project Manager,byannenb@facebook.com,3392508104,407
Rex,Support,Project Manager,rsimionatonc@ucsd.edu,9983267964,1497
Raymond,Sales,Construction Expeditor,rlaversnd@ning.com,9968543358,919
Teddy,Accounting,Estimator,tdunbletonne@networkadvertising.org,4192378315,167
Leann,Engineering,Project Manager,lmcdonnellnf@cafepress.com,1405275195,2038
Nicol,Research and Development,Subcontractor,nrominovng@miibeian.gov.cn,8246799759,112
Rod,Sales,Supervisor,rwebburnnh@ebay.com,6577015852,3510
Corenda,Training,Engineer,crodgersonni@blogspot.com,9463280466,3380
Boone,Accounting,Project Manager,bbrothertonnj@mayoclinic.com,6267984868,17
Kameko,Legal,Surveyor,ktextonnk@liveinternet.ru,8705672390,5080
Rolph,Support,Project Manager,rfleggnl@reuters.com,4834758606,97
Sayre,Business Development,Construction Manager,sarbernm@51.la,4892465281,548
Tybie,Business Development,Subcontractor,truddlesdennn@ucoz.com,1538881859,67
Briney,Product Management,Supervisor,bharvieno@multiply.com,7478379111,658
Shanon,Marketing,Construction Foreman,swoodesnp@apple.com,6081197729,20
Boote,Business Development,Subcontractor,bmacmeartynq@princeton.edu,4805169606,19
Marleah,Marketing,Estimator,mcompfordnr@mac.com,8055516440,2979
Stacee,Business Development,Construction Manager,scordesns@skyrock.com,9548611513,141
Jae,Product Management,Architect,jdallownt@stumbleupon.com,7032492907,1975
Molli,Business Development,Electrician,mellissnu@ed.gov,5642674482,10
Bette-ann,Product Management,Subcontractor,bdeardsnv@mlb.com,2911150517,1180
Anstice,Product Management,Construction Foreman,aweldrakenw@chronoengine.com,4918590247,1276
Cairistiona,Human Resources,Construction Expeditor,ctwiggsnx@mapy.cz,7391456058,10
Corinna,Human Resources,Subcontractor,cspruceny@sphinn.com,1892132884,1100
Rik,Human Resources,Engineer,rruggennz@163.com,5813381290,35
Nananne,Human Resources,Construction Foreman,nmacenellyo0@virginia.edu,6943813814,15
Sherye,Engineering,Construction Expeditor,salderseyo1@liveinternet.ru,3553457431,504
Abel,Engineering,Architect,amckellero2@jugem.jp,6846895638,15
Nani,Support,Electrician,npurleo3@yellowpages.com,5551152991,141
Vinita,Human Resources,Engineer,vclemensono4@meetup.com,8811213515,4895
Alejoa,Services,Electrician,amatantsevo5@jimdo.com,8304342160,343
Matthias,Engineering,Subcontractor,mchoako6@vk.com,2413832815,12
Lamond,Research and Development,Construction Manager,ldowningo7@noaa.gov,6346166621,18
Bartholomew,Services,Engineer,bmccaugheyo8@tamu.edu,5157678238,2215
Randie,Product Management,Architect,rcocklingo9@simplemachines.org,1986982297,1048
Barbaraanne,Marketing,Subcontractor,bolearyoa@rambler.ru,3618713049,4045
Emily,Accounting,Construction Expeditor,echarlotteob@google.fr,7606917951,30
Monti,Human Resources,Construction Manager,mdonawayoc@wikipedia.org,5219798426,1359
Lionel,Training,Construction Expeditor,lstockwellod@ebay.com,2493004628,107
Davie,Business Development,Subcontractor,dpillifantoe@dmoz.org,8433522993,1102
Lucien,Support,Surveyor,ldrinnanof@deliciousdays.com,7622596187,2219
Sibbie,Research and Development,Construction Expeditor,sdingwallog@bloglines.com,6883771831,10
Anet,Support,Project Manager,agiacomuccioh@skyrock.com,9259331822,1795
Rickert,Training,Construction Expeditor,roldershawoi@cpanel.net,5377237990,1
Sephira,Research and Development,Surveyor,scharnockoj@zdnet.com,3378777150,25
Carmencita,Human Resources,Construction Expeditor,caulettaok@answers.com,8123283951,5
Reginauld,Sales,Construction Expeditor,rwickmanol@naver.com,8122312973,10
Caroljean,Marketing,Subcontractor,ccordsenom@google.it,3048237758,479
Sophie,Product Management,Estimator,sgodspeedeon@photobucket.com,1456179676,1027
Rand,Marketing,Surveyor,rmacknishoo@php.net,2296959322,8
Emlyn,Engineering,Architect,eoutramop@squidoo.com,6784762376,254
Pasquale,Product Management,Project Manager,prumminoq@surveymonkey.com,6649391398,2272
Olympie,Human Resources,Electrician,okubanekor@comcast.net,6566321465,3
Brigida,Marketing,Engineer,bsomersettos@plala.or.jp,8622494211,6472
Georgy,Training,Project Manager,gwhathamot@salon.com,1961492979,54
Celestia,Product Management,Construction Manager,cmaccagueou@squarespace.com,5988818186,24
Corrina,Accounting,Supervisor,cpettwoodov@xing.com,6838905593,834
Chanda,Engineering,Engineer,charradenceow@google.com.br,8355183255,327
Batholomew,Research and Development,Construction Worker,brumgayox@netscape.com,9144363083,684
Cornie,Services,Construction Expeditor,cpontonoy@adobe.com,5763173292,338
Jaymee,Sales,Construction Manager,jcollyoz@csmonitor.com,1322711938,80
Lotta,Business Development,Estimator,lbeamissp0@nba.com,2722327547,770
Clovis,Services,Subcontractor,cmellersp1@shutterfly.com,5121089422,5089
Kip,Support,Subcontractor,kleavoldp2@loc.gov,8238179215,295
Kip,Accounting,Construction Manager,ksilvermannp3@senate.gov,3014309913,2380
Delbert,Product Management,Electrician,dgrishmanovp4@odnoklassniki.ru,7185420198,5790
Melodie,Research and Development,Estimator,mexpositop5@howstuffworks.com,6862646362,20
Norine,Accounting,Construction Expeditor,ntoghillp6@youtube.com,7406267222,50
Jaquelin,Human Resources,Engineer,jcissellp7@state.gov,4794192146,15
Lydon,Legal,Supervisor,lmusickap8@posterous.com,3155239222,790
Millard,Support,Architect,mminnockp9@com.com,2699355555,85
Early,Accounting,Construction Foreman,egiggspa@redcross.org,5528652168,604
Demetris,Services,Engineer,dbinnypb@51.la,5972267118,20
Rancell,Legal,Estimator,rbehrpc@multiply.com,5806784363,
Hakeem,Support,Subcontractor,hboxellpd@smh.com.au,9216027905,338
Dillon,Research and Development,Architect,dalloisipe@godaddy.com,7874978329,928
Olly,Training,Architect,ostatenpf@php.net,2046972356,1804
Katerine,Services,Construction Worker,knolletpg@stanford.edu,6399519130,499
Vidovic,Research and Development,Surveyor,vdanilyukph@prlog.org,3161220873,53
Aldwin,Business Development,Estimator,adovinsonpi@elpais.com,8551675325,3283
Jerry,Accounting,Subcontractor,jmarcqpj@independent.co.uk,6684685333,2139
Moll,Business Development,Surveyor,mchessilpk@ovh.net,5513585992,437
Dareen,Legal,Estimator,dcathenodpl@comcast.net,3472402950,51
Pippy,Legal,Subcontractor,pbauchoppm@blinklist.com,4052159849,7
Celina,Business Development,Project Manager,cgarciapn@uol.com.br,7336665042,3595
Nial,Training,Construction Manager,nragatepo@weebly.com,8643045103,24
Eliza,Business Development,Project Manager,ehacksbypp@usatoday.com,2688085818,988
Kristopher,Accounting,Electrician,ksuermeierspq@yellowbook.com,3544924321,263
Krystyna,Legal,Architect,kworhampr@aboutads.info,5356554303,576
Kevon,Services,Construction Manager,klorkinsps@geocities.com,4859610994,2352
Dewey,Support,Construction Expeditor,dmacconnultypt@yandex.ru,2382600404,1500
Helaina,Accounting,Construction Manager,hduffpu@clickbank.net,6855665778,147
Ilka,Human Resources,Engineer,imacpheepv@disqus.com,3557277601,1440
Livvie,Engineering,Estimator,lborehampw@cnbc.com,9113681625,89
Jody,Marketing,Project Manager,jjosumpx@g.co,2198509859,6264
Ferris,Services,Engineer,feskellpy@booking.com,3618370986,595
Rainer,Business Development,Project Manager,rfetherbypz@dailymail.co.uk,5399936388,
Ellene,Human Resources,Project Manager,ecrotherq0@tripadvisor.com,5728419469,4326
Harlie,Support,Supervisor,hzorzoniq1@posterous.com,8736353995,
Dodi,Training,Construction Worker,dbollenq2@vimeo.com,5269318141,192
Howey,Business Development,Construction Manager,hjenneq3@elegantthemes.com,3473139505,103
Christie,Legal,Electrician,cliffq4@instagram.com,7582457734,152
Dix,Sales,Electrician,djeannessonq5@liveinternet.ru,2993078073,750
Ailee,Human Resources,Surveyor,acorballisq6@google.cn,4006573441,5140
Dex,Training,Surveyor,ddaringtonq7@google.com,1784500717,82
Allen,Accounting,Engineer,amckmurrieq8@list-manage.com,3164562456,10
Alistair,Support,Surveyor,abrooksq9@acquirethisname.com,1047895570,137
Osborne,Product Management,Subcontractor,olidbetterqa@webmd.com,6929639743,2460
Henriette,Services,Engineer,hoganianqb@netscape.com,5128724193,534
Brian,Sales,Architect,bburneqc@hexun.com,5392639627,1354
Dene,Accounting,Surveyor,dcarlemanqd@odnoklassniki.ru,9586046125,142
Merla,Research and Development,Subcontractor,mmantrupqe@narod.ru,7848082621,1670
Kevina,Marketing,Construction Manager,kgodlyqf@fc2.com,2291064862,189
Audrie,Accounting,Subcontractor,apatingtonqg@imdb.com,9407517044,27
Ashlan,Product Management,Subcontractor,awarlawqh@msu.edu,2825869119,1354
Enoch,Training,Estimator,epepperqi@surveymonkey.com,4599243134,2938
Reeba,Legal,Construction Expeditor,rsheldonqj@chicagotribune.com,7061801662,3897
Armstrong,Training,Estimator,amabbotqk@scribd.com,3613895783,71
John,Engineering,Electrician,jnisiusql@imageshack.us,7988594190,1133
Bernetta,Marketing,Estimator,bdavernqm@fema.gov,5081109660,203
Nichole,Legal,Architect,ndaleyqn@w3.org,1001663371,58
Leeland,Engineering,Architect,lmyhillqo@bbb.org,4771923810,13
Danny,Product Management,Engineer,dfoffanoqp@drupal.org,9795705653,6990
Carline,Sales,Construction Worker,cattrilqq@springer.com,8982980003,5509
Petrina,Business Development,Surveyor,pnutkinqr@tinyurl.com,2426666559,623
Milzie,Human Resources,Estimator,mervineqs@seesaa.net,5955460989,433
Ree,Human Resources,Subcontractor,reshelbyqt@paginegialle.it,1299556012,1480
Chadwick,Business Development,Supervisor,cbergqu@netvibes.com,5858619624,5
Fredra,Business Development,Engineer,fdemarcoqv@wufoo.com,7399011297,522
Corena,Human Resources,Architect,cdurqw@vimeo.com,2214205472,
Daphene,Training,Engineer,dtibaldqx@a8.net,4964141744,2202
Leroy,Human Resources,Surveyor,lrimmingtonqy@youtube.com,3714757584,6527
Philippine,Marketing,Supervisor,pmaiorqz@netscape.com,3853735657,43
Abner,Product Management,Construction Expeditor,aplitzr0@mit.edu,6239323796,331
Gregoire,Business Development,Construction Manager,gwasbeyr1@howstuffworks.com,5715704588,3275
Ardith,Marketing,Electrician,aandrolettir2@shinystat.com,8474667311,48
Brandtr,Sales,Subcontractor,bbroschr3@studiopress.com,9945625732,20
Timmy,Product Management,Surveyor,thaughinr4@chronoengine.com,2413888233,1804
Ethel,Legal,Construction Foreman,etomaszczykr5@google.ca,3422950780,657
Ebba,Product Management,Construction Worker,ebyramr6@diigo.com,9273864445,
Denny,Marketing,Engineer,ddodgshunr7@tamu.edu,8528877916,13
April,Training,Engineer,askeldonr8@surveymonkey.com,7702022083,956
Nate,Marketing,Construction Manager,ncircuitr9@domainmarket.com,7404864302,29
Laurence,Legal,Project Manager,ldrewra@cargocollective.com,1061733820,1202
Meridel,Marketing,Subcontractor,mcrellinrb@skype.com,6541830561,4207
Abbye,Human Resources,Construction Worker,akyberdrc@ox.ac.uk,3135545735,5348
Candi,Sales,Construction Expeditor,cskelbeckrd@163.com,8917161819,527
Malva,Services,Construction Expeditor,murwinre@oakley.com,9186645602,2591
Kial,Research and Development,Surveyor,kshilitorf@dedecms.com,3122621396,2871
Archibaldo,Services,Surveyor,amcdoualrg@blog.com,1056714221,98
Emma,Research and Development,Electrician,esellensrh@nhs.uk,5602278026,25
Gracia,Training,Construction Manager,gbearwardri@usda.gov,5173204765,341
Zena,Training,Construction Foreman,zgarvillrj@jigsy.com,7351151540,1387
Katuscha,Training,Supervisor,knuschkerk@usa.gov,2143620118,10
Neely,Marketing,Estimator,narchibouldrl@ezinearticles.com,3723051323,8
Kyle,Business Development,Construction Manager,kgillettrm@xrea.com,3196337131,876
Beitris,Business Development,Engineer,bmatushevitzrn@illinois.edu,1581212789,840
Culley,Legal,Construction Worker,cgoulyro@marriott.com,7859912217,1027
Mirabel,Research and Development,Estimator,mherionrp@accuweather.com,5575841179,11
Walden,Research and Development,Construction Expeditor,wredhollsrq@addthis.com,5438992658,25
Matilde,Legal,Estimator,msuterrr@qq.com,1548630553,3671
